name,author_uid,username
vivianarubyy,6806437901191234565,vivianarubyy
Bri,6964344612380296198,briman2000
JAY ðŸ‘Ÿ,6821981439418057733,a_jayx
Aaron Micheal,6615721101963247621,aaronmicheal0514
Banksy,6874354666168747009,theadambank
AbbyðŸ’–,6872028586489234438,abbyhef.fit
Shoky Blue Lagoon,6896945724865397765,shokybluelagoon
Call me @lle,6960277892421518338,abdulsofiallail
Abraham Arasa ðŸ’ªðŸ’¥,6771180442588808197,abrahamarasa
AXNAsia,6969114584406754305,axnasia
Rae,7070308454661997611,officialvrae
Nikko,6577545790561828866,nikkoortizzz
Adriana Carballo,234284185824305152,adricaarballo
Aeebeh,6719040632356996102,aeebeh
helena,6778540771253175302,aeroplvnes
AirulLee,6875578369410253825,airullee
Akhila Unnithan,81090594151743488,akhila1990
Ale TreviÃ±o,130199908346830848,soyaletrevino
Alex Sless,6739168901690000390,alex.sless
Alex | Startup & Tech Founder,6912229064632009734,heyalexfriedman
Alex Seifert,218659226888564736,alex.seifert_
A L E X A N D R A  Y A E G E R,6792379221521892358,alexandrayaeger
Alexandra Lebron,6802079166751048709,lebrongainss
Alexandraguerain,6803391577895158789,alexandraguerain
LEX,6687779823630222341,alexisfrasca
al,6914413092882924545,alicejxhnson
Alicenevin<3,6757716950430729222,alice_nevin
Alicia Aylies,6701202594176041989,aliciaaylies
alinaðŸ‘¸ðŸ½,6217627,alinamour
ChanÃ©ðŸ’›,84482950267822080,chanegrobler
Ali Smith,6800604476371338245,alismithhhh
Allblanc TV,6909007113718334466,allblanctv
Allison Rossillo,6590458753019346949,allisonvallerand
ally,6723604212150797317,notstay
Alma Persson,6563591029785411585,almaperssons
Aaron Blake,6820852697337758726,alphaslegend
altasweetðŸ­ðŸ’–,14505220,altasweet
Marius,6684337897874932741,marius.alupei
ALYSSA MCKAY,310631928603578368,alyssamckayyy
amandanicole,6666607726200799238,amandanicole_
austinpaceamp,6624564327910735877,austinpaceamp
AMY MICHALAK,6685517180962227206,amymiichalak
AMYYWOAHH,6757815847807566853,amyywoahh
AnaisMolina,7052082041858884654,anaiis.molina
anastasia,6873402847939331078,anastasiagerrans
tia,6896895893624144902,anastasiiark
AndooniG ðŸ§¬,6816781396729594886,andoonig
Andrei Deiuâ€™,6829162157986350085,andreideiuu
AndrÃ©.The.Vaillant,6813386144828277765,andrevaillant
AndyArrov,7037959209183626246,andyarrov
âœ¨CEO Mom Kid Realtor Fit Funâœ¨,6785290739465126918,angela4realestate
Meg Boggs,6794291343579431942,meg.boggs
ð€ ð ð† ð„ ð‹ ð„   ð.,6811283204919247878,angelebfit
Aniket Jagtap ðŸ‡®ðŸ‡³,6574358191088664581,aniket_jagtap_8888
celina ðŸ’•,6807108797279978501,nekolinchen
Ankit Gaur,6670481287252852741,ankitgaur_fitness
fourbadeyes,7034228654767621125,fourbadeyes
AntMan,6692238192290104325,anteaterboy
CoreyLovesAnnie,6757085150767727622,coreylovesannie
Antonio â€œLionOfGodâ€ Gillespie,6828784025251906566,prolongevityfitness
arafat_alves,6649304179402260486,arafat_alves
Arely Ascencio,25975975,arelyasc
Arik,6720444487963722757,akamrstealyourgirl
Arsh,144362883760496640,arshfam
asher,6718431761913676805,ashertheproducer
Asif Gujjar,6694415249603822597,asifgujja786
Paperback Princess ðŸ“šðŸ§šðŸ½â€â™€ï¸,6869497323589796869,asvinixo
Audrey Thompson,6621635388199550982,audreythompson1
Autumn Rose,6741039283032048646,officialautumnrose
Ava,23153314,avafrancis
Ruti âš¡ï¸,112781110798970880,rutiavalos
Axel Blake,8.22204E+16,axelblake
AxelEscalante,6604614292535459846,axelescalante
Pauly,6720417651464668166,ayyepaulyy
ðŸ‘‘BABA KSR ðŸ‘‘,6714581293512557574,babaksrofficial2
Babyadaaa,6742509492670366726,babyadaaa
Talya Sato,6563347576854528005,talyasato
Jefrick Barrios,6729862265443320837,ninjaness72
batool 4lo.,6565935890924765189,batxoll
Joshua Buchanan,6810479757827916806,joshuabuchanan88
beckablackburn,6778436723787564037,beckablackburn4
Jocelyn Meiere,6695738476762219525,jocelynmeiere
Ben Carpenter,6814031188111737861,bdccarpenter
Bene,6794148180339737606,bene.schulz
vanbasicvintage,6779987287499260934,vanbasicvintage
Michaela,6754780647712506885,michaela.berdaga
AMANDA BERGLUND,6753349056686851078,amandaberglunnds
beth carlino,6717246434892088325,bethcarlinofitness
bethy red,6763037345752318982,bethyred
BIR,199576176586113024,birramgarhia
Bishari Kaldera,112227223008329728,bishi_anji
Bobby Kazz,6616692719182446597,bobbykazz
Bobby Kataria,6562448791647076357,bobbykataria5
Mackenzie McKee,6577113524689534981,mackenziemckee1
Boier Diana,6798179031381754886,boierdiana
Bonnie Lee,240616646598336512,bonnieleetoks
Bretiesi,6746766085649499141,bretiesi
Mel Mitchell,6804958188857918469,thebaddestmitch
Robert Frank,6709453702157124613,robertfrank615
FIK-SHUN,6720477943867081733,dance10fikshunofficial
Mike Chabot,6707325886779491333,mikechabot
theglambelle,6751326854319637509,branditheglambelle
Brandon Clark,6744357387982898182,brandonclark94
ð’ƒð’“ð’Šð’‚,6629441123915399173,todorkies
brianna,6672177508588929030,briannakaylynn
Brianna Joye Kohn âœ¨,6881658408588985349,briannajoye_fitness
brianna,6916611259555480582,briannashaulslol
Brianna Hefner,6660949462452715525,brii.fit
Brissa Allen,6777984042673325062,brissaslifts
Brit Manuela,6746695831078454277,thebritmanuela
brittanycatesfitness,6726211199216616454,brittanycatesfitness
Brody Wellmaker,6669716864531054598,brodywellmaker
Fitnesswithbrogan,6719789216061113350,fitnesswithbrogan
Brooke,6741423912959558661,brookehwr
Brooke Barry,4177332,brookiebarry
Brooke Harris ðŸ‘,6811807779764208645,brookerharris
Blake Brown,7735908,blake.s.brown
Bryanna Williams,6747179249076421638,bryyaannaaa
bee ðŸ—,6692385684857062406,bumblephii
Sebastian,6635884953539592197,sebastianburka
Billie Rae Brandt,6777624698177340422,billieraebrandt
Enrique,6615256719474491398,enriquestory
Brayan Lopez,6763791634096079878,brayan_lopez__
invictor,6727090577563649030,invictorgs3
caraâ¤ï¸,6982317,chezzaaaa
ROMINA,100481652413403136,rominagafur
cailey â™¡,6725861801400009733,bbycailey
CaissaRolyette,6676395099355923461,caissarolyette
Chenny,7018529206591554566,calichenics
Luc H.,6805405709229229061,struckbyluck
Camryn Huet,6711155890605212678,camhuetlifts
cami,171750376948264960,camineumann
Candy Kemp ðŸ¦,6903312146400560129,candycocokemp
Candylover89,6676586590037279749,candylover89official
Carina Berry,6735049559967548421,carinaberry
Caroline Gravityâš¡ï¸Online Coach,7038476461061293058,caroline.gravity
Casey Kelly,6630209858463334406,caseykellyy
Cassandra Noel,6834586238868931589,cassandra.noel
Cassandre Djeridi,6640510291174653958,cassandredjeridi
Abi !,6526354849397740559,abigaelboivin
Cass Spinelli,6745114692002595845,casstolliver
Catrina Hogg,6706991006967661574,catrinahogg
caraline rose,6971564828495561733,caralinerosefit
Celeste Goyena,6836074131159892998,celestegoyenaa
cbrqlt,6637899112233025542,cbrqlt
Luis Cervantes,6781877986423571462,luismcervantes_
maria pappas,6750392480393413637,mariapappasharris1
charlotte kazha,6844976470558245894,ckazha
Charly Dankwa,6627919998982373381,charlyknowsbettertv
á¯×h××…Ö®ê«€××…Ü»á¯×h××…Ö®êª±××…êª€××… ðŸ’«,6589078240312082438,xchechinx
ðŸ¤,6849608710131385350,astragirll
Chris Olsen,6747459471943418885,chris
Christian,7021375728558539782,gettyfit
Christian Renaud ðŸ˜ˆ,116373152712019968,chrisrenaudd
Chubsuit,6657186224195600389,chubsuit
Thomas Bloecker,6716320357643387910,chubsuitguy
Ara,6825735836848899077,prettymfara
Claire Manson,6990367577558959109,clairesmanson
clara,6785682803112887302,tinyjewishgirl
Clare Morrow IFBBPro,6800712429934167046,claremorrow_ifbbpro
Emily Paloma Sanchez,6827508336411722758,classycasita
Liam Clear,6743183368525792261,liam.clear
Courtney Worthington || CPT,6879548985167021062,worthfit
Colin Weng,6731138422713762821,colinweng
Vaishali Takkar,154322004391677952,vaishalitakkar
Remy Domino Cosplay,6689007697709696005,remydomino
Florida Grid League,6806605209184879622,floridagridleague
Aashiv Midha,120988982384943104,aashivmidha
DANIELLE,6750640743491404806,daniellemarcan
Diego Alary,6831427229848503301,diegoalary
Joey Hornyak,6730253527928620038,joey_hornyak
Nick Prak,6704828834791785477,nickprak
N I N A C H E R R Y O F F,6623226546998165510,ninacherryoff
Physio_fitty,6899434113112310789,physio_fitty
Alexia,6966099395297952773,alexiaaamiller
Brianna White,6666825005475119110,briannajoywhite
Courtney Snell,6984014026800448517,courtneysnelll
Diamond Buckley,6713208744002782214,snoopdiamond
Oliver,6620838307567157254,oliverforslin
Iseyna Gold,6781579602902402054,iseyna
Keltie Oâ€™Connor,6796113869523567622,keltieoconnor
Lynne_Fit,6809672141043631110,pepperhustlefit
Niana Guerrero,10542006,nianaguerrero
ðŸ­ El TÃ­o NÃ©stor ðŸ­,6543301899112682496,soy.nestor
Issabela VÃ¡squez,6729425144341300230,issavasquez_
Santi Perez,6768524218423542790,santiperezvivas
Yvenel Augustin,88016878907826176,pierre_haiti
Lina Noory,6755712467756467206,lina.noory
@Samy01,6751992942761739270,samykhan3333
sam khan,236145577326108672,imsamkhanofficial
Sammeh,6554950075477737478,sammehism
Syd,6825125392749134853,sydstufit
Adam Tahere,6724085414053839878,adamtahere
Betsa,6808915375238530054,betsa.cb29
Tamara Dai,6763557276637774849,tamaradai
Jakeobrien,6781532316083930118,jakeobrientiktok
tammytmai,6948585500559328262,tammytmai
Tatiana Ã¡ngel,6664303617220722694,tatiangelp1
Tatum,6783405925576623110,tatumtots37
Tyler,6982199914018522118,raijinsensei99
Tim,6808620805086823430,timelders_
THE UNICORN FAMILY,6616531874678751238,theunicorn.family
BABY J,9529059,jostasy
amy nagaty,6791951418913489925,amynagaty
HarteSisters,6807036433255105541,thehartesisters
Heena Panchal,93331993844703232,heenapanchal
Inanna Sarkis,93775199170392064,inanna
JenniferBachdim,62422301991788544,jenniferbachdim
Joe rauth,6607161116286697478,joerauth_
Lauren Gottlieb,6721627800686871558,laurengottlieb
Olivia Dunne,79871609263570944,livvy
Omer Chaudhary,6660533468957474822,omer_chaudhary7
Sarah Garcia,6805115334502401025,saragee14
w8train,6918203489173783557,w8train.official
T3ðŸ¦‹,6807417898106700806,tewaaax
mika / ç¾ŽèŠ± <3,6849959742962926598,ppaisho
B.U.G.,6668457996794036229,createbybug
The Johnson Brothers,6966691146177496070,the.johnsonbrothers
MiDAS MVMT,6780864730803930118,tmm.midass
Iâ€™m Melissa,6763938134730605573,thenameismelissa
Uglyboyzach,6839924344283202566,zachmillerofficial
Shuang Hu,6767970398854235141,theoneshu
swolematty,6938167401825649670,swolemattyy
babyboyflame,6785984558841103366,babyboyflame
The Rybka Twins,115415027058098176,rybkatwinsofficial
ðŸ”¥THEKINGOFDIETðŸ”¥Official,6976334558610555910,thekingofdietofficial
Dee WaveðŸŒŠðŸŒŸ,6774967339874092037,thetsunamichild
Oogway Tiktok,7071265417926460421,oogwaytiktok
thbnlaure,6687121237854159877,thbnlaure
Thomas Lee,6739131754651223046,thomaslee_fit
Thomas Hubener,6609459129285476354,thomashubener
Tim Helton,6773313183621907462,timhelton_
Tyler Lutz,6643974531281666054,tlutz717
Theonlyblackqueen,6803770592208372742,theonlyblackqueen
Tomas Mazza,6799287824241656837,mazzatomas
tombaileypt,6724153911047357446,tombaileypt
TonySurphman,6602722592178651141,tonysurphman
Tony McAleavey,6808645114597000197,tonymcaleavey
TorrellTafa,9029007,torrelltafa
Oluwatosin Komolafe,6858252509174645765,tkathletics
tovaritch,6768354235849114630,tovaritch_
Joe trad,6777725849674040325,joetradofficial
Reagan Hollan,6809327628337267718,traininwithreagan
Matt Treanor,6850255368620622854,treanorrr
Trevor Bell,6567503575664558085,trevorbell_
Trick Shot Cop,6587478063645589510,trickshotcop
Tyla Skye,6829293540893410309,tylaskyelifts
Tyleaelice,6774439020119950341,tyleaelice
Tyler Csatari,6636886434584330245,tylercsatari
Tyler,6748504774456443910,tylerz240
Tyler,6779065366503441414,tylerpath
Tyris Cartilla,6818508570440877061,nottyris
MaherMohsen,145077928966365184,c_maher_private
Valentina Rodriguez,6805761640290829318,vallfitt
Vanessa Chen,6860580833361085445,vivacious.honey
Vicky Plamenova,6808121496670782470,vickyplamenova
Valerie Sanders,6814288662580446213,valerie_sanders
fitnessvikramsingh,6818722641442309122,desifitnessvikram
visiontwins,6769275892734395398,visiontwins
â™¡ï¸Ž vivian â™¡ï¸Ž,6667684773107073029,vivhyun
veronica,6542285243624636421,veronicagershonn
Vanesa Seco,6737814264906810373,vansecoo
Beef,6791859901017031681,beefcuts
wendy herrera,6667013978331332614,califoruia
wes,6803569726075110406,wesleyfuckingdang
Elijah Alexander,6572391769128222726,wifieli
William Li,6895111891970999301,wiilliamli
Qidi Li,6732265968951510022,qidili
Courtney Steeves,6736386981570757638,courtney_steeves
WNBA,214244531242856448,wnba
Woosah,6806381598000055301,woo.sah
WURA ELSIE,6695403751782630405,wuraelsie
Westcoast Wheels and Tires,6760805032084669445,westcoastclovis559
Xan â¤ï¸,6677291290185663493,itsxanthiaa
ximena,6776534176990708742,mamacitaximena
sarah,6710151821354419205,sarah.annne
Yeli ðŸ˜Ž,6804436936976974854,yelinotfit
YermarÃ­ Lleras,6805983754198713345,yermaripr
ylise,6871015294652302341,yfitzz
Yoann Leroux,6730191047978124294,yoannlerouxofficiel
Yurik,6821447444954792965,yurok.zh
Yvette Valerie,95342133099790336,yvettevalerie
ZacharyLoft,6633525011344162822,zacharyloft
Zach Galla,6777729758232790022,zachgalla
Zairy,6784027557844894726,zairyyyyy
CiscoKid & Kenna,6810188567475454981,kennalovescisco
Zane Caruana,6782088954796999685,zanecaruana
å‹å£°,6817251011884008453,zuukuo
Isaac Ramirez,6750848860568781830,isaacbramirez
nursema,20435030,nnursema
Raul Diaz,6686892373181809669,rauld33
Rounak Ankit Gulia,6611408629067661317,rounak_wrestler
Bruna LimaðŸ’‹,6770442701987251205,xoobruna
hosannaÂ®ï¸,6741758810295370757,hosanna.fantaa
Hunter,6671999861062041605,fitkage
Hunter Hobbs,6714496162059518981,hunter_hobbs
isabella marinaccio,6636677164643729414,isabella_marinaccio
Ideen,6918789685767996421,vicesfitness
Gee,11192849,igeestatus
NutritionBabe,6687644071249560581,nutritionbabe
ILIANA TZOTZI,6785972093051028486,iliana_tzotzi
Ilyasopdekkbeat,74369120560881664,ilyasopdekkbeat
Amypurdygurl,6766325207861232645,amypurdygurl
Freddy,6802192744690631685,imreadyfreddy_
Reshaud,6801237501128492038,imreshaud
Callie Jardine âœ¨ Pilates,6805664082399052806,imsweatyandiknowit
Karina,1820758,karinakliauz
Alpha Lion,6774238052501718022,alpha.lion
Antonie Lokhorst,27797525,antonielokhorst
thebellamkay,6784574649872876550,thebellamkay
BERA,6783664491809915910,bera_nanuka
Chef Genevieve LaMonaca,6805589226824188933,chefgenevieve
Cristipedroche,6572103723190075398,cristipedroche
502fitnessgt,6971845327143207942,502fitnessgt
Demi Bagby,6554283305829667855,demibagby
DimitrisDkKyrsanidis,6615256493774798854,dimitriskyrsanidis
Esteban Ospina,27658596,bestospina
FairyGothMother London,6959222893072057349,fairygothmotherlondon
Mrs. Bench,6710314922751181830,mrs.bench
sreya,6623508948036157446,sreyahalder_
G FUEL Energy,6730227682175763462,gfuelenergy
Imi Evans,6759843390400021509,imistudios
PRIYA,6643035856415834118,priya.mia
QUARTERBACK PLUG,6746544096637273093,theqbplug
Shop Rogue with Emma!,6838784317377741829,roguegarms
saeedahh,6813140665628689413,saeedahhaque
TEMPO PERFORMANCE,6934608288655016965,trainwithtempo
Bri Lewis,6805724775005963269,itsbrilew
Catholic Jacks,6839743565132891141,catholic.jacks
CHARLIE MEISTER,6619962893415907334,charliemeister
360,6751862896768336898,clinic360
Home Workouts,6773075050775708677,dantethebodyfitness
GiaNina,6815743123861373958,gianina
Justin Agustin,6811574254782481414,justin_agustin
Zay,6916762001214194694,kingz.a.y
Sangram Chougule,6656587403279712261,sangram_chougule
Mendi,177623850589888512,james.mendi
Tia Magno-Wallen,6863758282168157190,livewellwithtia
Lydia Turner,6803283141514527749,lydiairenee
Praveen Bhat,6750226324022264837,bhatpraveen
Reggie C Fitness,6809075425181516805,reggiecfitness
Rico Group Fitness,6767964614958662662,ricogroupfitness
Slingbungee,6818694544801907717,slingbungee
Rogosin Tactical-K9-FamilyÂ©ï¸,6805817302194914310,tactical_k9_family
Plug Vancouver ðŸ”Œ,6911987979804673030,plugvancouver
Andre Belle,25380921,visionbodyfitness
Ingridramon.r,6794166881562854402,ingridramon.r
Camille | YT: camillemedina,6778328066055275521,_camillemedina
Frankie LaPenna,6908005555647775750,frankielapenna
Lili Hayes,6589623258936524805,lilihayes
goldenhourabode,6875562524625323013,goldenhourabode
Isaac Rich | Online Coach,6813095097484870661,isaacrichfit
Isabel,63258764488822784,isabelcylim
Isabella Akalley,6632565935381790725,isabellaakalley1.0
coreybrooks,6769790526311236613,coreyb
Iz,6783281177828836353,izcheong
You1stlondon,6620862692205592582,you1stlondon
aktabavalia,6804030938014041093,aktabavalia_hair
Jack,6682884715584177157,jack.alderton
Britt,6806838065820107782,heyyy_brittney
Jacqueline Louise,6921426541574800389,jacquelinexlouise
Jade Wilson,6762618122119267333,jade.here
Jade Leanne,6749418543878128645,jadeleanne_xo
Jade,6741364096626869254,jxdeleah
aaron simpson,6907349092436788226,aaron_simpson_
Tyra and Jake,6917426770300404742,ty.jake
Jana Rawls,6821200959646139397,jana.rawls
mixed tarxan,5173695,mixed_tarxan
jas ðŸ«¶ðŸ»,6809830452040975366,jasbeautydiary
Shamszfit,6698110616856658949,shamszfit
jaykarafit,6898036624917316609,jaykarafit_
Jay Lane,6807208803433923589,jaylanefit
JC Rodriguez,6785696598258418693,jcrod.riguez
vanilla ð–¡¼.ð–¤£ð–¥§,6670428911585050625,its.micaaah
PENG PENG,6675094753761543174,pengpengclee
Jed Tavernier,6802255876850779141,jedtavernier
Jenni ðŸ¤ª,6753353472424903686,jenni.sann
Jennyfitnessss,6696137898372449286,jennyfitnessss
jennygiesler,6717758598263309317,jennygiesler
Jessi,6549907370116387840,carajesss
Jesse James West,6717261272427267078,jessejameswest
Jesse Pollock,6742886455800005637,jessepollock22
Jessica Anderson,6749365179296252934,tinytello
Jessica49,6665514024395898885,jessica.frndz
Jess,6806743200578339845,jessstrevino
jesusacevedox,6690344176632366086,jesusacevedox43
Jhosuefo,6614011394729869318,jhosuefo
Jihoon Kim,6778557882365936646,jihoonkm
Jimmy Choi,6815668939713119238,jcfoxninja
JJ Niemann,6775710874869482501,jjniemann
Jessie James Decker,6782284231621575685,jessiejamesdecker
jjjeeessiiiccaaa,6843144019125502981,jjjeeessiiiccaaa
jake,6757013240699470854,jakekulakowski
Jordan Morello,6749533706543432710,jordanmorello
Joseph Flinders,6724995586372338693,joeflinders
Joel,6647072264470052870,jdaverfit
Johnny Ragan,6760517620069762054,johnnyandsons
Jolie,6726924211690472453,jo_rawb1
jonathanlibermannn,6984417367808050181,jonathanlibermannn
Jonathan Serrano,6864823071397790726,jonserranoo
Eyal Booker,6744359679469732869,eyalbooker
Jordyn Trenholm,6724779338699260934,jordynt_fit
Jamaica ðŸ‡µðŸ‡­,6791302357370536961,jamaicajornacion
Joshua Jeremiah,6906319435415307269,oj.fit
Josie Hamming,6763996271529657349,josiehamming
Kozhin,6764788783428731909,kozinx
Juju,6736674906346161158,jujusheikhh
Julia dantas,3188183,juliadantas
Julie Kay,6768404480129680390,imjuliekay
Juliette,6889445430599304194,juliette_xr
Jalvz,6803372892274426886,jalvz
Justin,6878869949131392006,justinlt23
Justin Westphal,7041380109460816942,jaywestfilms
thefitnessvega,6869882658757166085,the_fitness_vega
insta:@princessspear,6744817504063390726,kahlilda
Kaua,6949996543789892613,kauasthetics
Kalina,6792343094757245958,kali_rae
Mila,6768627385807127558,kamilarobles_
anikoktna,6682671334364808198,anikoktna
Kara Lewis,6532087903709855745,karaxlewis
Ktatiana_Duran,6644987094702145541,ktatianaduran
Galaxy,6757585713846617093,spaceeebabe
karlaxcervantes,278612682516283392,karlacervantesc
Karlee,6731991578619790342,karleeblauert
Karragen,6652753722626719750,karragen
Karthik Shekar Acharya,6540787477886538767,karthikshekar6
Katakomba,6754721368313922566,katakomba777
Katelynn Ortiz,6773161662221698054,kateeortiz
Fitness Freak,286244276509044736,imkavy
kayantoast,6777781096416330753,kayantoast
Kaylanellaa,6732159696915317765,kaylanellaa
Kellâ€™ux,52970257073602560,kellyfremont
KelseyGFit,6786685367645062150,kelcg_fit
green queen,6766721550038860805,kelsey_kotzur
kendra.jarratt,6779515932584903685,kendra.jarratt
Kevin BÃ¹i,15687200,kevinbuilift
Kianna Vestuto,90243293568978944,kiannavestuto
Kirsten Mark,6715407421810361349,kirstenmark_
Kiduye fitness,6835377606474777605,kiduye1
KCM,6721949964752454662,kimsterrrs
kimia,10480212,kimgfit
Colt blake,6783182542042825734,kingcolt
*KATRINA*,6709514084007871494,katrina.ellensohn
Ø¹Ø¨Ø¯Ø§Ù„Ø±Ø­Ù…Ù† KLAY,19120367,ii_klay
Kristina | fashion & beauty,6756266914115142661,krismarieerrington
knottygirlthreads,6714111585922696198,knottygirlthreads
Bella Anya,6740736283801519109,bellaanya
Belcast,6991160719584723974,carlosbelcastt
Konlan Paul,6848866931916260358,kjperformancenutrition
è“å­ãƒ‘ãƒ³ ðŸ¥¯,6561525462449897477,ownvk
Korolova,6766321614164050949,korolova.dj
Simba Van Gerpen,6711423040451970054,kotjcosplay
kristal,6785163958380610566,soykristal
Kristen,6781257768881718278,hauskris
kristiesita,6723250944622494725,kristiesita
spending problems,6688123728150217734,spendingproblems_
Kathy â€” Vlogs & My Apartment âœ¨,6670177081042894853,kvthyvu
braims,6769903464698971142,braimsfit
Kyana Fit,6800005648249259013,kyana.fit
Kyler Ennis,6609351626266607622,kylerennis
Kyle Segura,6760825365671724037,kylesegura
latishaclarkk,7039647430019449862,latishaclarkk
laurazaraa,6968784470832841733,laura_zaraa
Laura B,6825435202904294406,laurabgfit
blogicomics,6837597003805246470,blogicomics
Hammy,6713405306565133317,lohammyy
Lo,6663476691970949125,lyfeoflauren
Leah !!,6706548753925293061,lilwheelz32
Patty,6936786702611530758,leanbeefpatty
Robyn,6798591176880686086,missangler
Niall MacMillan,216809358628913152,niallmacmillan
LÃ©ou | Coach sportive,112327857388822528,leou.bfit
lexieherod,6734062772247872518,lexieherod
Lexis Trechak,6702627282500043782,lexistrechak
LGNDFRVR,6667962390863642629,lgndfrvr
Sally Chan,6939362892834227206,sxchan_
lifewithkleekai,6662417597713874949,lifewithkleekai
Liz Wei,6804839958504621062,liftswithliz
Lilia Pulcini,6830781334036005893,liliapulcini
Lil Xan,6719604329714254854,lilxandiego
lily,3159094,lilyharon
lindseyraepengelly,6717215425153025029,lindseyraepengelly
Lisa Asano,6761434246563136518,speckledbrownie
ð˜ð¨ð§ð§.,6938635532142937089,yonntiktok11
Nyctrencs,6773438665450357765,nyctrends
Maker Lira 3D,6760046639446410246,lirarock
Fitness Health and Nutrition,6730706632910849029,lisa_allilifestyle
Matthew King,6532332891899183105,littledurag
aubri & liv,6931527021114115078,aubri.and.liv
Jett,6930009945656542214,callmekroger
Lizeth,6758592553576350726,lizethink
LIZ SANCHEZ,476928,officiallizsanchez
Liam Newell,6758060824470356998,theliamnewell
LoganðŸ¤,6826423776268960774,sportswithlogs
Logan Hill,6740417403307623429,loganraehill
Chaz Spackman,6731461352458781702,lostandlifting
Louise TabaquiraoðŸ‡µðŸ‡­,22910631,louisetabaquirao
LOUIS LEVANTI,6712189871371387909,louislevanti
lovefashionista,6989971526816678917,lovefashionista
Lucien G,6642109947319500805,lucien_g4
Lucia MikuÅ¡ovÃ¡,6845179280089154566,lucia.mikusova
Lucky Fadzi,6735103179388912646,luckyfadzi
lucky kamboj âœ…,227463178413150208,luckykamboj
Lucyyoconnell,6836064848980476933,healthandfitnessbylucy
Dayanamazrg,6716679032702534661,dayanamazrg
LudovicaPagani,12668932,ludovicapagani
Luis Suarez,6707241584272917510,luissuarez.trainer
Luiza Cordery,6532042356823195649,lilstaryuh2.0
lystianvld,6781431803695924226,lystianovilda
Macie Gann,6733792552733115398,maciegann
Trisha Smith,6726740429570294789,smithatrish
Mackenzie Newcomb,6734706741194769414,mackinstyle
maddie,6920665449286632453,2urluvr
Di,6844374633169732614,madebydi
MadeForMeFitness,6544849080920293382,madeformefitness
Madi,6817587898234209285,luvmadeleine
Young_rari,6615980345601769477,young_rari
Madz,6773485086283138053,madvetzz
Majelle,6786949491711837190,majelleabell
Dr Majiziya Bhanu,6749472765122315266,drmajiziyabhanu
Makayla,6805598419567821830,makaylamarieeeeee
Makayla Anisa,6705940087308043269,makaylaanisa
BioSynergy,6612621508437458950,biosynergy
asapmonny,6686863086718616582,asapmonny
Amaury Guichon,6792968332158518277,amauryguichon
Rebekka Blue,6670216520855945222,rebekkablue
soph,6580974626519154694,sophadophaa
Lauri,6710913283290842118,the.real.lauri
Fitmanjeet,6702443102235935749,fitmanjeet
manuelmanca,6812670282840785921,hypemanny
marcellaraneri,6600755742646616070,marcellaraneri7
Marcus Rios,6803405475100181510,marcus_rios
Marissa McNamara,6913551152568206341,marissamcnamarafit
Marissa Andrews,6912621189140349957,marissa.minibeast
Marvin Bane,6956231231038964742,marvinbane_
MG,6747850215187530757,0utfluencer
Lionell McConnell,6770859009345225733,lj2live
Matt Merrill,6749952180758987782,matt_merrill
Max McCann,6833088633760941061,mealswithmax
dantai,6775109782246392837,thedantai
Max Taylor,6613038956660441094,maxtaylorlifts
Max Taylor,6987316315855062021,notmaxtaylorlifts
mazie,6831293175512974341,maziedays
FIT4DUTYCREW,6719849243987543045,fit4dutycrew
Amy Roiland,16620070,afashionnerd
Meg,6751056188504933381,meglemm
Megan Anderson,6763677401513182214,megana_mma
melany garciaðŸ¦‹,6532033649762631681,melanyalejandrra
Anna Mellor,6569285393782079493,mellorlite
Memetix,6620576575153111046,memetix
merced ðŸŒ·,6748598859372708870,mercedvu
alysilverio,6645234027866128389,alysilverio
Brian Esperon,54393422882566144,besperon
Evy ðŸ¦‹,6516502238452519936,evgeniyalvovna
ChamppXXX,6553741186362774543,championxiii
Lumi,6963246842181338118,x.lumi
MattGreggo,6720562779159823365,mattgreggo
Miahcarter,25035108,miahhcarter
Micah & Sarah,6757895637867447302,micahandsarah
Miguelnon,6592189236098514949,miguelnon
Mikaila,167098983214014465,mikailadancer
Mikayla,6746738278860882949,mikaylawearsclothes
Michael Pepito,6777581247675532293,themichaelpepito
Kyla ðŸ˜›,6777942446929150978,kylasux
Doctor Michael,6756053741180322822,dr_michael_says
Chinix,319828168746422272,miliorkis
mirsha,6536106847407969280,mirsha_muhammed
Jennifer Tavernier,6586983909975998470,minneninja
Miranda Cohen,6927111660352832517,mirandacohenfit
MISHA SHARMA,6661186209865465861,mishaa_official_
Mithiaâœ¨,177944065001451520,m1thi4_
mip,6785480733369828353,mmivia
Matt Bevan,6795697031072646150,mattbevan
ARIF SHAIKH,6734241297370481670,modernfitnessgym
Modern Goalkeeping,6621601246473453574,moderngoalkeeper
Ù…Ø­Ù…Ø¯ Ø§Ù„Ø±Ø®,6670990905162694661,mohamedelrookh
"Mohsin Khan """,6672170353303502853,mohsinkhanfitnesstraine6
É¢á´‡á´Ê€É¢Éªá´€,6775990077312697349,georgiasianxx
Mrs Morris ðŸ’ðŸ»â€â™€ï¸,6599053278678958085,courtnaaay
ðŸ¦ M O N K Y / F O R C E âœ–ï¸MKF,6945246114589803525,monkyforce
Sammy Montgoms,6812827050542613509,sammymontgoms
Michael,6687716573761176581,thenameismichael
Ma1only,6929542301951034374,ma1only
Morgz,184125794561105920,morgz
Mrs. Lukeâ€™s Lab,6781879958673490950,mrslukeslab
kayleebull,6781328452521657349,kayleebull
mushroomparasolplays,4715551,mushroomparasol
LizettðŸ„,6619122934889922566,xingtama
My Healthy Baker,6802764440711824389,myhealthybaker
user2609643438166 aunty Sonia,6738594898720752645,nachowithsonia_
Nadya Okamoto,6619870842296238085,nadyaokamoto
Namfit.mx,6808152471220896774,namfit.mx
Nanzie,6780158236211414021,nanzie_peachez
Naomi ðŸ¦‹,5519632,naomibbk
natachaoceane,6673643391189959685,natachaoceane
Natalia Cid,6788639832963269638,nataliacidf
natalie & the aguilars,6588077,nnatalieaguilar
Nelly Attar,6774146844866380805,nelly.attar
Vanessa Lara ðŸ¦‹,6881681724151366661,missnessalara
NGomezMovement,6825026070381085701,ngomezmovement
Nicolas Aesthetics,6752904349984883717,nicolas.aesthetics
Nicole,6688675972600972294,nico1eodeon
KOLE,6876216506826441734,kolesongs
Nicolette ðŸ’«,6864925806633714694,nicoletteg.g
Nicolle Figueroa,6774726355382141957,nicollefigueroaa
Nils Siebeneicher,6950609395987973126,nils7fitness
Poornisha,74266368426016768,nisha__28
Mark Plummer,6733666448297853958,themarkplummer
Noel âœ¨,6745938436514317317,noelmulk0
Noen Eubanks,6594968179616579590,noeneubanks
Noor Almahdi,6908585767741965317,nooralmahdi_art
Zayaan,6816198181874107397,z.ayaan
louie,6607911996484501510,notlewy
Nour Cheaito,6532012646206586882,nourmotifit
NEOH,6765092332942951430,neohworld
Riq,6783436600137188357,ceotariq
Federico piras,6767774496365233157,ohmyfred
Olena Sadovska,6788600239461925893,olena.sadovska
olive eng-canty,6643093757272113157,olivengcanty
Olive & Rob,6785922981337367557,oliveandrob
omar thaher,6729773440347243526,omar_thaher
Omayazein,6761226420913669125,omayazein
Onkel Banjou,6725797684030047238,onkelbanjou
Zoom,6923772902043681798,zoomvzn
Oriol Pamies,6640463758118764549,oriolpamies
Or Oshri,118638383941255168,oroshritwerk
OT,6807269909136671750,ottheog
ArielleðŸ¤,6980768026438861829,outfitsbyarielle
PacoMgShark,6827206169434981382,pacomgshark
Paolllamichellle,6968997329509876741,paolllamichellle
Pandora LeTrain,6962198917699142662,pandoritto2.0
Sensei Ordi,6990044821926724610,ordiiiiiiii
Aves,6806774173777134598,averiebishop
Kelsey Grace,6866198373020959750,kelsgracefit
coreytonge,6749929817385632774,coreytonge
Devon LÃ©vesque,6666859066897678341,devonlevesque
Pascal Soetens,6869150238454006790,pascalsoetensofficiel
ð”„ð”²ð”±ð”¬ð”ªð”«ð”¢ â˜¾,6980607607619175429,hexenvvind
Pavan,113520825261031424,pavanmishra
Erica Pebbles ðŸ‡µðŸ‡­,6748026613189444613,pebbles.fit
Lic. Matias Esquenet,6817838778863354885,matias_strengthcoach
Pernilla Stryker,8731729,pernillastryker
PeterVigilante,6614617768094580741,peter_vigilante
Philly,6608664820618100742,philly.adriano
Space_Case,6565173258902061061,space_case
ì°½í•˜CHANGHA,6631070414577958913,chang._.a
PlatosClosetDanbury,6937685780140180485,platosclosetdanbury
young thug burner,6619631838200872966,mysticpimp
Poptart,6791924577993884677,poptartfit
Powerlifting,6731019059570557958,powerliftingnorthamerica
poojapatellll,6768586318706869254,poojapatellll
pressley,6635400268992741382,pressley
Preston Johnson,6750022900735296517,preston.johnson
Badass Counseling,6919459022945797126,badasscounseling
Priscillafnl,105352622026489856,priscillafnl
Pump Chasers,7076710254583301125,pumpch4sers
:),6850368984484430853,pxtel.clothing
queendeefitness,6773312086153823237,queendeefitness
ðŸ¦‹Swati SharmaðŸ¦‹,138354218301681664,queen_swati
Rabia Asik,6793980818241176581,rab1ask
Rachel,6669568192156827653,gymgirl42
Radin Rana,6790312094309172229,radinrana.fit
Ragz,7012032820450198534,ragzfit
Raina Huang,6622307877754798086,rainaiscrazy
RAJ & ROHAN,6905219422077060102,rajandroh
Ronny,6595560771030990854,thesachinrajput
Jen Barangan,6570868850073190401,jenbarangan
Ray & Janny,6894820023394010117,rayandjanny
Aussie Fitness ðŸ‡¦ðŸ‡ºðŸ’ªðŸ¼ | Dez,6851396679263749125,aussiefitness
Brandonâ™ ï¸,7034717755048412206,reallifemovement
erikbarsi_sw,6780377090099610629,erikbarsi_sw
ADRIENNE REAU,6709863144019854341,ageorama
reggiebfitness,6739098450543068165,reggiebfitness
Remi Jo,6799443445053916165,remibader
UtaghaNattyBeast,6948438602636346369,rendanieal
Renee,27659305,rxneexx
riansagit,6835277597200253953,rian.sagit
Ria Roy,6823846777935692805,riamariaroy
Riley Gaynor,6796680977055613957,riley_gaynor
rileykristine,6994507146386670598,rileykristine
Valerio Goffredo,6556535250313805829,riothecatcher
FireDeptChronicles,6668665079527129094,firedepartmentchronicles
Rizwan.Noor.Fitness,6603305524162576389,rizwanoorfitness
Robby yerkes,6607515237816664070,thatbaldingbenchguy
Carelessmorgan,6759637129648702470,carelessmorgann
Rohit Rajput,6606281900020776965,rohitrajput1685
vanto,6737735844817798150,sheldon.cu
Rose Njoku,6712651591244268550,rosenjoku
StrongCurvyFit - Roshaun O.,6900667686004573190,darealstrongcurvyfit
Rowheim Farooqui,6612878289881137158,rowheimfarooqui
silk,6751608305800823814,silkcartwright
rui <3,6748529938599756805,funkyfitz
Ryan Doka,215109628081172480,dokaryan
Ryan Dong,6742110337429996550,ryandongofficial
ry,6689934179754443781,groovybimbo
Schmidle,6838387787000218629,ryanschmidle
Ryan Sanders,6738036466821350406,ry_sanders
scooby doo,6793374549356807174,sabadabadoodle
Bre Bre ðŸŒ¸,3322102,brebre.lee
Sabrina,6880103757271680001,sabrinakhdeir
saddiq,6708006998698787846,saddiqhead
433,6521957184207590400,433
ð’®ð’¶ð“ð“‚ð’¶,6803758507230692358,mya.salma
SAL MONEY,6728649082560054277,djsalmoney
Sammy,6875715650888172549,sammybanh
fitnessam,6767713798913541125,sambrizuelaa
YouTube: Sam Raeburn,6996055323535705093,samraeburn
Sam Spade ðŸ¤ ,6892917108662486021,samspadeofficial
SandySklar,6749540288127714310,sandysklarxfit
Sanover Bal,6664194825044951045,sanoverbal
Sarah Herse,6806656974173373445,sarahherse
Sarah Roh,6723420518529106950,pukababy
Sara ðŸŒ™,6844986795107075077,xxlsara
Sherein Abdelhady âš¡ï¸,6733632838111921157,shereinabdelhady
ðŸŒ» Follow May - à¸•à¸²à¸¡à¹€à¸¡à¸¢à¹Œà¸¡à¸² ðŸŒ¼,79932442514,may.iimayii
Leo Wang,6851322686191862790,saypookguy
Sara Camposarcone,6735593677269795845,saracampz
Schuyler Reeves,6839021551548662790,shoelerrooves
Scott Norton,6803656876799214598,scottnorton_
Filip,6824130959333704709,scrbaksaurus
Seb,6748249226474652678,seblemus
Semone Skosan,6727172634621215750,semoneskosan
sen,6940795408977576961,senzone.ph
shesri,13161304,serene.hesri
sethlinneman,6764131553225262085,sethlinneman
Se Thu,285626228622073856,sethu10
Sevinâœ¨,6778030210275148806,sevin_van_dyk
Shane Bain,7017136878810743813,itisbainz
Shannon Spalding,6751099106347435013,shanspaldingx
Warlord Combat Academy,6798283547410875398,warlordcombatacademy
Sharu Vig,6760273706540680198,sharu_vig
SHASHANK SHEKHAWAT,6747938793616098310,shashankcalisthenics
Shawntes Gary,6873825982156882949,shawntesandkayla
Shelby Clayton,6780558121091367941,shelbs.clayton
Shi Kremer,6873957440552731653,shi.kremer
shona,6903866339909043202,_sho.na
Shred,6734070878080566278,shredlifestyle
Jasmin Green,6807058635391616005,jasmingreenx
Shayan Siddiqui,76179160208924673,shayansiddiqui
Silvija Maliuk,6562737670219972613,silvijamaliuk
Simple History,6819591148698420230,simplehistory_
Sissy,6765546671952200710,sissymua
Sonu John,6641868415253495813,sonujohn_mr_asia
Skweezy,6597644758939353093,skweezy4real
Skye,6780830825514632198,skye_lxuise
Evgen Sein,6751923955352962054,slidismode
Bershka,6678587942209209349,bershka
Leviâ€™s,6756287326606001158,levis
Sofia Wylie,10362295,sofiawylie
Soph,6924701112768807942,soph.fashion
Sophiajulianne,2564965,sophiajulianne
Sophia Nichole,6765311515949908997,sophianikki
SOPHIA PANELLA,6809837393426154501,sophia.panella
Sophia,7023779175887979525,sophiazipay
Sophie Lynch,6777411118601372677,sophielynchxx
spencer barbosaðŸ§šðŸ»,26439349,spencer.barbosa
ðŸ†‚Î±Ð¼Ñ”Ñ”Ñ ðŸ…šÐ½Î±Ð¸ðŸ’«,6538754545743303680,sameerkhan3622
Squat University,6717592778934109189,squatuniversity
Seba SepÃºlveda,6906584366957380614,seba.sepulvda
SaucySuzyy,6898879790158414853,saucysuzyy
myleserlick,6736387364338369542,myleserlick
Stephany,6755293063369606150,stephanyvicx
Stephen Alexander,6813940362643768326,stephenalexander
Stephanie Rios,6778707966109320197,stephriosss
Anytime Fitness Stockton Heath,6915434964537623554,af_stocktonheath
IMPERIUMðŸŒŽ,6886871452416508930,imperium_tiktoka
ðŸ’‹ðŸ–¤ðŸ‘›,6965953341038937093,styledbyisa
fitnessfashioness,6947885502842520581,fitnessfashioness
S A B A H,6611888607543459845,sabahfitness
sam ãƒ¾(â˜†â–½â˜†),6925503552073155589,vryswagsam
Sydney (Bast) Heil,6788937763838575622,sydbastfitness